{
  "n_ann": {
    "mean": 8847.033613445377,
    "std": 30784.292393025695
  },
  "n_wit": {
    "mean": 1092.770868347339,
    "std": 4427.735929798128
  },
  "n_total": {
    "mean": 9939.804481792717,
    "std": 32693.83748987619
  },
  "awr": {
    "mean": 12.746196623070011,
    "std": 144.16397042551645
  },
  "n_unique_pfx": {
    "mean": 3229.934827264239,
    "std": 13687.754628996472
  },
  "n_wit_unique_pfx": {
    "mean": 554.2621848739495,
    "std": 3856.243306825504
  },
  "n_unique_peer_asns": {
    "mean": 7.785807656395892,
    "std": 3.8961620460945716
  },
  "path_len_avg": {
    "mean": 5.20636014724646,
    "std": 0.5749884118171986
  },
  "path_len_max": {
    "mean": 16.55667600373483,
    "std": 4.736089244514002
  },
  "path_len_std": {
    "mean": 1.8703303263857474,
    "std": 0.4752272050120355
  },
  "path_len_min": {
    "mean": 1.7327731092436975,
    "std": 0.66422498513194
  },
  "n_moas": {
    "mean": 5.915406162464986,
    "std": 25.759632571393237
  },
  "n_new_links": {
    "mean": 4406.853594771242,
    "std": 32363.458543772995
  },
  "n_dup_ann": {
    "mean": 1460.213258636788,
    "std": 6027.094652642048
  },
  "n_loops": {
    "mean": 1416.3385620915033,
    "std": 4475.072097238034
  },
  "n_origin_asns": {
    "mean": 494.62987861811393,
    "std": 1593.6145420903376
  },
  "is_silent": {
    "mean": 0.00037348272642390287,
    "std": 0.019322091943600878
  },
  "n_ann_roll3_mean": {
    "mean": 8892.87434760912,
    "std": 25885.450550821544
  },
  "n_ann_roll6_mean": {
    "mean": 9078.92772370382,
    "std": 25653.566485221203
  },
  "n_ann_roll12_mean": {
    "mean": 9350.087897705876,
    "std": 26287.990986673834
  },
  "n_ann_roll3_std": {
    "mean": 4000.2555060239733,
    "std": 18048.72765504044
  },
  "n_ann_roll6_std": {
    "mean": 5080.112405665137,
    "std": 18455.737570933994
  },
  "n_ann_delta": {
    "mean": -25.22483660130719,
    "std": 27184.514760365775
  },
  "n_ann_pct_change": {
    "mean": 0.4737349368894182,
    "std": 6.90438718131385
  },
  "n_ann_mad_score": {
    "mean": 1.9876186034743792,
    "std": 11.563318056936325
  },
  "n_wit_roll3_mean": {
    "mean": 1120.2614071985809,
    "std": 3137.055305609525
  },
  "n_wit_roll6_mean": {
    "mean": 1135.1195336250141,
    "std": 2691.005649457313
  },
  "n_wit_roll12_mean": {
    "mean": 1161.2246453485568,
    "std": 2492.2882919045005
  },
  "n_wit_roll3_std": {
    "mean": 720.0455702024793,
    "std": 3993.804085096183
  },
  "n_wit_roll6_std": {
    "mean": 937.2647788539098,
    "std": 3980.5002503004243
  },
  "n_wit_delta": {
    "mean": -88.20112044817927,
    "std": 5934.627490819341
  },
  "n_wit_pct_change": {
    "mean": 0.3711582563109009,
    "std": 3.8839110049676346
  },
  "n_wit_mad_score": {
    "mean": 1.6665048728392187,
    "std": 13.99273025886986
  },
  "n_total_roll3_mean": {
    "mean": 10013.135759879717,
    "std": 27685.547583326465
  },
  "n_total_roll6_mean": {
    "mean": 10214.047249200787,
    "std": 27410.64155976912
  },
  "n_total_roll12_mean": {
    "mean": 10511.312557370768,
    "std": 28054.08138628081
  },
  "n_total_roll3_std": {
    "mean": 4520.015250108534,
    "std": 19068.58198185725
  },
  "n_total_roll6_std": {
    "mean": 5738.250034258546,
    "std": 19346.292402470426
  },
  "n_total_delta": {
    "mean": -113.42595704948646,
    "std": 28697.230734032753
  },
  "n_total_pct_change": {
    "mean": 0.40811056449172534,
    "std": 5.596408892816154
  },
  "n_total_mad_score": {
    "mean": 1.9074904640662713,
    "std": 10.037975439752266
  },
  "n_ann_lag1": {
    "mean": 8705.169374416433,
    "std": 28098.638580473507
  },
  "n_ann_lag2": {
    "mean": 8644.661811391223,
    "std": 27421.17344188744
  },
  "n_wit_lag1": {
    "mean": 1178.2633053221289,
    "std": 4936.162311682186
  },
  "n_wit_lag2": {
    "mean": 1078.7998132586367,
    "std": 4290.136000434274
  },
  "ann_autocorr_lag1": {
    "mean": 0.14327082438297006,
    "std": 0.3062907882134807
  },
  "mad_score_global": {
    "mean": 15.957295098464439,
    "std": 57.72504444092409
  }
}